feature,mean_abs_shap
PAY_0,0.5545325
LIMIT_BAL,0.22489122
BILL_AMT1,0.15852022
PAY_AMT2,0.12740472
PAY_AMT1,0.11421886
